jabref;src/main/java/net/sf/jabref/collab/ChangeDisplayDialog.java;78;82;5;1;0;4
jabref;src/main/java/net/sf/jabref/collab/ChangeDisplayDialog.java;84;84;1;1;1;9
jabref;src/main/java/net/sf/jabref/collab/ChangeDisplayDialog.java;86;111;22;1;2;11
jabref;src/main/java/net/sf/jabref/collab/ChangeDisplayDialog.java;136;148;14;1;0;2
jabref;src/main/java/net/sf/jabref/collab/FileUpdatePanel.java;83;94;4;1;0;2
jabref;src/main/java/net/sf/jabref/external/DroppedFileHandler.java;327;330;4;1;2;16
jabref;src/main/java/net/sf/jabref/external/ExternalFileMenuItem.java;57;62;7;1;0;2
jabref;src/main/java/net/sf/jabref/external/ExternalFileTypeEditor.java;97;100;4;1;0;6
jabref;src/main/java/net/sf/jabref/external/ExternalFileTypeEditor.java;110;124;7;1;0;7
jabref;src/main/java/net/sf/jabref/external/ExternalFileTypeEditor.java;126;137;8;1;2;10
jabref;src/main/java/net/sf/jabref/external/ExternalFileTypeEditor.java;139;152;14;1;0;2
jabref;src/main/java/net/sf/jabref/external/ExternalFileTypeEditor.java;245;254;11;1;0;2
jabref;src/main/java/net/sf/jabref/external/ExternalFileTypeEditor.java;335;337;4;1;0;1
jabref;src/main/java/net/sf/jabref/external/ExternalFileTypeEditor.java;340;342;4;1;0;1
jabref;src/main/java/net/sf/jabref/external/ExternalFileTypeEditor.java;345;347;4;1;0;1
jabref;src/main/java/net/sf/jabref/external/ExternalFileTypeEntryEditor.java;55;68;13;1;3;4
jabref;src/main/java/net/sf/jabref/external/ExternalFileTypeEntryEditor.java;126;132;5;1;2;7
jabref;src/main/java/net/sf/jabref/external/ExternalFileTypeEntryEditor.java;133;133;1;1;1;1
jabref;src/main/java/net/sf/jabref/external/ExternalFileTypeEntryEditor.java;147;149;4;1;0;2
jabref;src/main/java/net/sf/jabref/external/ExternalFileTypeEntryEditor.java;152;154;4;1;0;2
jabref;src/main/java/net/sf/jabref/external/ExternalFileTypeEntryEditor.java;157;159;4;1;0;2
jabref;src/main/java/net/sf/jabref/external/SynchronizeFileField.java;299;302;4;1;1;6
jabref;src/main/java/net/sf/jabref/external/WriteXMPAction.java;214;214;1;1;0;6
jabref;src/main/java/net/sf/jabref/gui/actions/AutoLinkFilesAction.java;44;57;12;1;1;17
jabref;src/main/java/net/sf/jabref/gui/actions/IntegrityCheckAction.java;85;95;10;1;1;2
jabref;src/main/java/net/sf/jabref/gui/actions/IntegrityCheckAction.java;110;113;4;1;0;2
jabref;src/main/java/net/sf/jabref/gui/actions/IntegrityCheckAction.java;117;117;1;1;1;2
jabref;src/main/java/net/sf/jabref/gui/actions/ManageKeywordsAction.java;108;108;1;1;0;6
jabref;src/main/java/net/sf/jabref/gui/actions/ManageKeywordsAction.java;132;135;4;1;1;8
jabref;src/main/java/net/sf/jabref/gui/actions/ManageKeywordsAction.java;146;146;1;1;0;12
jabref;src/main/java/net/sf/jabref/gui/actions/ManageKeywordsAction.java;150;157;6;1;1;14
jabref;src/main/java/net/sf/jabref/gui/actions/ManageKeywordsAction.java;174;178;6;1;0;2
jabref;src/main/java/net/sf/jabref/gui/actions/ManageKeywordsAction.java;199;203;6;1;0;2
jabref;src/main/java/net/sf/jabref/gui/actions/MassSetFieldAction.java;94;96;1;1;0;6
jabref;src/main/java/net/sf/jabref/gui/actions/MassSetFieldAction.java;98;100;1;1;0;6
jabref;src/main/java/net/sf/jabref/gui/actions/MassSetFieldAction.java;102;104;1;1;0;6
jabref;src/main/java/net/sf/jabref/gui/actions/MassSetFieldAction.java;141;161;16;1;2;10
jabref;src/main/java/net/sf/jabref/gui/autocompleter/AutoCompleteListener.java;73;111;27;4;2;8
jabref;src/main/java/net/sf/jabref/gui/autocompleter/AutoCompleteListener.java;453;457;6;1;0;2
jabref;src/main/java/net/sf/jabref/gui/autocompleter/AutoCompleteListener.java;460;468;10;1;0;3
jabref;src/main/java/net/sf/jabref/gui/autocompleter/AutoCompleteSupport.java;86;86;1;1;2;10
jabref;src/main/java/net/sf/jabref/gui/autocompleter/AutoCompleteSupport.java;89;117;18;1;0;10
jabref;src/main/java/net/sf/jabref/gui/autocompleter/AutoCompleteSupport.java;131;133;4;1;0;3
jabref;src/main/java/net/sf/jabref/gui/autocompleter/AutoCompleteSupport.java;136;138;4;1;0;3
jabref;src/main/java/net/sf/jabref/gui/autocompleter/AutoCompleteSupport.java;166;169;4;1;0;5
jabref;src/main/java/net/sf/jabref/gui/autocompleter/AutoCompleteSupport.java;172;174;4;1;1;5
jabref;src/main/java/net/sf/jabref/gui/autocompleter/AutoCompleteSupport.java;261;265;6;1;1;9
jabref;src/main/java/net/sf/jabref/gui/autocompleter/ListAutoCompleteRenderer.java;49;53;5;1;1;6
jabref;src/main/java/net/sf/jabref/gui/auximport/FromAuxDialog.java;83;86;4;1;0;3
jabref;src/main/java/net/sf/jabref/gui/auximport/FromAuxDialog.java;88;88;1;1;0;3
jabref;src/main/java/net/sf/jabref/gui/auximport/FromAuxDialog.java;91;91;1;1;0;3
jabref;src/main/java/net/sf/jabref/gui/auximport/FromAuxDialog.java;160;163;4;1;0;5
jabref;src/main/java/net/sf/jabref/gui/BasePanel.java;1348;1359;10;1;2;12
jabref;src/main/java/net/sf/jabref/gui/BasePanel.java;1399;1453;51;7;3;12
jabref;src/main/java/net/sf/jabref/gui/BasePanel.java;1525;1525;1;1;0;1
jabref;src/main/java/net/sf/jabref/gui/bibtexkeypattern/BibtexKeyPatternPanel.java;98;98;1;1;0;8
jabref;src/main/java/net/sf/jabref/gui/bibtexkeypattern/BibtexKeyPatternPanel.java;153;161;6;1;0;8
jabref;src/main/java/net/sf/jabref/gui/bibtexkeypattern/BibtexKeyPatternPanel.java;198;201;4;1;1;6
jabref;src/main/java/net/sf/jabref/gui/bibtexkeypattern/ResolveDuplicateLabelDialog.java;93;96;4;1;0;6
jabref;src/main/java/net/sf/jabref/gui/bibtexkeypattern/ResolveDuplicateLabelDialog.java;98;98;1;1;0;1
jabref;src/main/java/net/sf/jabref/gui/BibtexKeyPatternDialog.java;72;76;5;1;1;9
jabref;src/main/java/net/sf/jabref/gui/cleanup/CleanupPresetPanel.java;63;63;1;1;0;1
jabref;src/main/java/net/sf/jabref/gui/cleanup/FieldFormatterCleanupsPanel.java;90;97;9;1;0;3
jabref;src/main/java/net/sf/jabref/gui/cleanup/FieldFormatterCleanupsPanel.java;103;113;9;2;1;8
jabref;src/main/java/net/sf/jabref/gui/cleanup/FieldFormatterCleanupsPanel.java;131;131;1;1;0;2
jabref;src/main/java/net/sf/jabref/gui/cleanup/FieldFormatterCleanupsPanel.java;135;135;1;1;0;2
jabref;src/main/java/net/sf/jabref/gui/cleanup/FieldFormatterCleanupsPanel.java;221;221;1;1;1;4
jabref;src/main/java/net/sf/jabref/gui/cleanup/FieldFormatterCleanupsPanel.java;225;233;7;1;0;5
jabref;src/main/java/net/sf/jabref/gui/cleanup/FieldFormatterCleanupsPanel.java;294;298;5;1;0;3
jabref;src/main/java/net/sf/jabref/gui/ContentSelectorDialog2.java;122;126;5;1;0;10
jabref;src/main/java/net/sf/jabref/gui/ContentSelectorDialog2.java;128;128;1;1;0;8
jabref;src/main/java/net/sf/jabref/gui/ContentSelectorDialog2.java;130;130;1;1;3;9
jabref;src/main/java/net/sf/jabref/gui/ContentSelectorDialog2.java;133;143;11;1;0;10
jabref;src/main/java/net/sf/jabref/gui/ContentSelectorDialog2.java;145;149;5;1;1;5
jabref;src/main/java/net/sf/jabref/gui/ContentSelectorDialog2.java;151;163;11;1;0;1
jabref;src/main/java/net/sf/jabref/gui/ContentSelectorDialog2.java;165;165;1;1;0;3
jabref;src/main/java/net/sf/jabref/gui/ContentSelectorDialog2.java;169;182;14;1;1;8
jabref;src/main/java/net/sf/jabref/gui/ContentSelectorDialog2.java;184;192;9;1;0;10
jabref;src/main/java/net/sf/jabref/gui/ContentSelectorDialog2.java;194;205;11;1;3;15
jabref;src/main/java/net/sf/jabref/gui/ContentSelectorDialog2.java;488;513;21;1;0;1
jabref;src/main/java/net/sf/jabref/gui/date/DatePickerButton.java;41;54;12;1;1;6
jabref;src/main/java/net/sf/jabref/gui/dbproperties/DatabasePropertiesDialog.java;98;100;1;1;0;3
jabref;src/main/java/net/sf/jabref/gui/dbproperties/DatabasePropertiesDialog.java;102;104;1;1;0;3
jabref;src/main/java/net/sf/jabref/gui/dbproperties/DatabasePropertiesDialog.java;163;166;4;1;0;6
jabref;src/main/java/net/sf/jabref/gui/dbproperties/DatabasePropertiesDialog.java;168;168;1;1;0;1
jabref;src/main/java/net/sf/jabref/gui/dbproperties/DatabasePropertiesDialog.java;178;181;4;1;0;9
jabref;src/main/java/net/sf/jabref/gui/DragDropPopupPane.java;19;21;4;1;0;3
jabref;src/main/java/net/sf/jabref/gui/DuplicateResolverDialog.java;107;107;1;1;1;11
jabref;src/main/java/net/sf/jabref/gui/DuplicateResolverDialog.java;108;108;1;1;0;11
jabref;src/main/java/net/sf/jabref/gui/DuplicateResolverDialog.java;109;109;1;1;0;10
jabref;src/main/java/net/sf/jabref/gui/DuplicateResolverDialog.java;110;110;1;1;0;10
jabref;src/main/java/net/sf/jabref/gui/DuplicateResolverDialog.java;112;112;1;1;0;7
jabref;src/main/java/net/sf/jabref/gui/DuplicateResolverDialog.java;115;115;1;1;0;9
jabref;src/main/java/net/sf/jabref/gui/DuplicateResolverDialog.java;118;120;4;1;0;1
jabref;src/main/java/net/sf/jabref/gui/EntryCustomizationDialog.java;361;372;13;4;1;3
jabref;src/main/java/net/sf/jabref/gui/EntryCustomizationDialog.java;405;434;28;1;3;20
jabref;src/main/java/net/sf/jabref/gui/EntryCustomizationDialog.java;440;442;4;1;0;1
jabref;src/main/java/net/sf/jabref/gui/EntryCustomizationDialog.java;445;447;4;1;0;2
jabref;src/main/java/net/sf/jabref/gui/EntryCustomizationDialog.java;450;452;4;1;0;2
jabref;src/main/java/net/sf/jabref/gui/entryeditor/EntryEditor.java;954;954;1;1;1;9
jabref;src/main/java/net/sf/jabref/gui/entryeditor/EntryEditor.java;975;979;6;1;0;5
jabref;src/main/java/net/sf/jabref/gui/entryeditor/EntryEditor.java;982;986;6;1;0;5
jabref;src/main/java/net/sf/jabref/gui/entryeditor/EntryEditor.java;1014;1018;6;1;0;3
jabref;src/main/java/net/sf/jabref/gui/entryeditor/EntryEditor.java;1023;1035;10;1;2;10
jabref;src/main/java/net/sf/jabref/gui/entryeditor/EntryEditorTabFocusListener.java;59;61;4;1;0;1
jabref;src/main/java/net/sf/jabref/gui/entryeditor/EntryEditorTabFocusListener.java;64;66;4;1;0;1
jabref;src/main/java/net/sf/jabref/gui/entryeditor/EntryEditorTabFocusListener.java;69;71;4;1;0;1
jabref;src/main/java/net/sf/jabref/gui/entryeditor/EntryEditorTabFocusListener.java;97;108;13;1;1;5
jabref;src/main/java/net/sf/jabref/gui/entryeditor/FieldExtraComponents.java;79;92;12;1;1;6
jabref;src/main/java/net/sf/jabref/gui/entryeditor/FieldExtraComponents.java;110;116;7;1;0;5
jabref;src/main/java/net/sf/jabref/gui/entryeditor/FieldExtraComponents.java;125;127;4;1;0;2
jabref;src/main/java/net/sf/jabref/gui/entryeditor/FieldExtraComponents.java;130;132;4;1;0;2
jabref;src/main/java/net/sf/jabref/gui/entryeditor/FieldExtraComponents.java;135;137;4;1;0;2
jabref;src/main/java/net/sf/jabref/gui/entryeditor/FieldExtraComponents.java;164;170;7;1;0;4
jabref;src/main/java/net/sf/jabref/gui/entryeditor/FieldExtraComponents.java;173;180;8;1;2;6
jabref;src/main/java/net/sf/jabref/gui/entryeditor/FieldExtraComponents.java;185;188;4;1;0;4
jabref;src/main/java/net/sf/jabref/gui/entryeditor/FieldExtraComponents.java;199;201;4;1;0;2
jabref;src/main/java/net/sf/jabref/gui/entryeditor/FieldExtraComponents.java;204;206;4;1;0;2
jabref;src/main/java/net/sf/jabref/gui/entryeditor/FieldExtraComponents.java;209;211;4;1;0;2
jabref;src/main/java/net/sf/jabref/gui/entryeditor/FieldExtraComponents.java;241;244;4;1;0;1
jabref;src/main/java/net/sf/jabref/gui/entryeditor/FieldExtraComponents.java;252;254;4;1;0;1
jabref;src/main/java/net/sf/jabref/gui/entryeditor/FieldExtraComponents.java;257;259;4;1;0;1
jabref;src/main/java/net/sf/jabref/gui/entryeditor/FieldExtraComponents.java;262;264;4;1;0;1
jabref;src/main/java/net/sf/jabref/gui/entryeditor/FieldExtraComponents.java;292;295;4;1;0;1
jabref;src/main/java/net/sf/jabref/gui/entryeditor/FieldExtraComponents.java;303;305;4;1;0;1
jabref;src/main/java/net/sf/jabref/gui/entryeditor/FieldExtraComponents.java;308;310;4;1;0;1
jabref;src/main/java/net/sf/jabref/gui/entryeditor/FieldExtraComponents.java;313;315;4;1;0;1
jabref;src/main/java/net/sf/jabref/gui/entryeditor/FieldExtraComponents.java;339;342;4;1;0;2
jabref;src/main/java/net/sf/jabref/gui/entryeditor/FieldExtraComponents.java;362;375;14;1;0;5
jabref;src/main/java/net/sf/jabref/gui/entryeditor/FieldExtraComponents.java;389;392;4;1;0;2
jabref;src/main/java/net/sf/jabref/gui/entryeditor/FieldExtraComponents.java;430;435;7;1;2;3
jabref;src/main/java/net/sf/jabref/gui/entryeditor/FieldExtraComponents.java;463;466;4;1;0;1
jabref;src/main/java/net/sf/jabref/gui/entryeditor/FieldExtraComponents.java;485;488;4;1;0;1
jabref;src/main/java/net/sf/jabref/gui/entryeditor/FieldExtraComponents.java;523;526;4;1;0;1
jabref;src/main/java/net/sf/jabref/gui/entryeditor/FieldExtraComponents.java;545;548;4;1;0;1
jabref;src/main/java/net/sf/jabref/gui/entryeditor/FieldExtraComponents.java;566;566;1;1;0;2
jabref;src/main/java/net/sf/jabref/gui/entryeditor/FieldExtraComponents.java;573;575;4;1;0;1
jabref;src/main/java/net/sf/jabref/gui/entryeditor/FieldExtraComponents.java;578;580;4;1;0;1
jabref;src/main/java/net/sf/jabref/gui/entryeditor/FieldExtraComponents.java;583;585;4;1;0;1
jabref;src/main/java/net/sf/jabref/gui/EntryTypeDialog.java;77;79;4;1;0;2
jabref;src/main/java/net/sf/jabref/gui/EntryTypeDialog.java;152;157;7;1;0;3
jabref;src/main/java/net/sf/jabref/gui/EntryTypeList.java;130;137;8;7;0;3
jabref;src/main/java/net/sf/jabref/gui/exporter/CustomExportDialog.java;60;79;12;1;1;8
jabref;src/main/java/net/sf/jabref/gui/exporter/CustomExportDialog.java;90;90;1;1;0;1
jabref;src/main/java/net/sf/jabref/gui/exporter/CustomExportDialog.java;95;97;1;1;0;2
jabref;src/main/java/net/sf/jabref/gui/exporter/ExportCustomizationDialog.java;77;87;9;1;0;11
jabref;src/main/java/net/sf/jabref/gui/exporter/ExportCustomizationDialog.java;90;106;17;1;0;9
jabref;src/main/java/net/sf/jabref/gui/exporter/ExportCustomizationDialog.java;109;124;16;1;0;10
jabref;src/main/java/net/sf/jabref/gui/FieldContentSelector.java;105;116;6;1;1;9
jabref;src/main/java/net/sf/jabref/gui/FieldContentSelector.java;138;149;6;1;1;9
jabref;src/main/java/net/sf/jabref/gui/fieldeditors/contextmenu/CaseChangeMenu.java;23;23;1;1;0;7
jabref;src/main/java/net/sf/jabref/gui/fieldeditors/contextmenu/ConversionMenu.java;24;24;1;1;0;3
jabref;src/main/java/net/sf/jabref/gui/fieldeditors/contextmenu/FieldTextMenu.java;54;56;4;1;0;3
jabref;src/main/java/net/sf/jabref/gui/fieldeditors/contextmenu/FieldTextMenu.java;59;61;4;1;0;3
jabref;src/main/java/net/sf/jabref/gui/fieldeditors/contextmenu/ProtectedTermsMenu.java;25;30;6;1;0;1
jabref;src/main/java/net/sf/jabref/gui/fieldeditors/contextmenu/ProtectedTermsMenu.java;33;33;1;1;0;1
jabref;src/main/java/net/sf/jabref/gui/fieldeditors/contextmenu/ProtectedTermsMenu.java;52;56;6;1;0;1
jabref;src/main/java/net/sf/jabref/gui/fieldeditors/contextmenu/ProtectedTermsMenu.java;61;69;7;1;0;1
jabref;src/main/java/net/sf/jabref/gui/fieldeditors/FieldEditorFocusListener.java;15;21;8;2;1;4
jabref;src/main/java/net/sf/jabref/gui/fieldeditors/FieldEditorFocusListener.java;24;30;8;2;2;3
jabref;src/main/java/net/sf/jabref/gui/fieldeditors/FileListEditor.java;106;106;1;1;0;7
jabref;src/main/java/net/sf/jabref/gui/fieldeditors/FileListEditor.java;107;107;1;1;0;7
jabref;src/main/java/net/sf/jabref/gui/fieldeditors/FileListEditor.java;108;108;1;1;0;7
jabref;src/main/java/net/sf/jabref/gui/fieldeditors/FileListEditor.java;109;109;1;1;0;7
jabref;src/main/java/net/sf/jabref/gui/fieldeditors/FileListEditor.java;110;110;1;1;0;7
jabref;src/main/java/net/sf/jabref/gui/fieldeditors/FileListEditor.java;111;111;1;1;0;7
jabref;src/main/java/net/sf/jabref/gui/fieldeditors/FileListEditor.java;178;178;1;1;0;6
jabref;src/main/java/net/sf/jabref/gui/fieldeditors/FileListEditor.java;182;213;27;1;1;10
jabref;src/main/java/net/sf/jabref/gui/fieldeditors/FileListEditor.java;225;246;16;1;0;11
jabref;src/main/java/net/sf/jabref/gui/fieldeditors/FileListEditor.java;425;441;12;1;2;21
jabref;src/main/java/net/sf/jabref/gui/fieldeditors/FileListEditor.java;486;496;12;2;0;3
jabref;src/main/java/net/sf/jabref/gui/fieldeditors/FileListEditor.java;499;503;6;1;0;2
jabref;src/main/java/net/sf/jabref/gui/fieldeditors/FileListEditor.java;506;510;6;1;0;2
jabref;src/main/java/net/sf/jabref/gui/fieldeditors/JTextAreaWithHighlighting.java;61;61;1;1;1;4
jabref;src/main/java/net/sf/jabref/gui/fieldeditors/TextField.java;185;185;1;1;0;2
jabref;src/main/java/net/sf/jabref/gui/FieldSetComponent.java;321;352;27;6;2;8
jabref;src/main/java/net/sf/jabref/gui/FieldSetComponent.java;366;370;6;1;0;1
jabref;src/main/java/net/sf/jabref/gui/FileListEntryEditor.java;93;109;14;1;0;9
jabref;src/main/java/net/sf/jabref/gui/FileListEntryEditor.java;111;115;5;1;0;4
jabref;src/main/java/net/sf/jabref/gui/FileListEntryEditor.java;155;155;1;1;0;6
jabref;src/main/java/net/sf/jabref/gui/FileListEntryEditor.java;175;177;4;1;0;1
jabref;src/main/java/net/sf/jabref/gui/FileListEntryEditor.java;185;187;4;1;0;1
jabref;src/main/java/net/sf/jabref/gui/FileListEntryEditor.java;199;204;7;1;2;8
jabref;src/main/java/net/sf/jabref/gui/FileListEntryEditor.java;207;209;4;1;0;1
jabref;src/main/java/net/sf/jabref/gui/FileListEntryEditor.java;336;361;19;1;6;26
jabref;src/main/java/net/sf/jabref/gui/FindUnlinkedFilesDialog.java;200;200;1;1;1;7
jabref;src/main/java/net/sf/jabref/gui/FindUnlinkedFilesDialog.java;307;309;4;1;0;5
jabref;src/main/java/net/sf/jabref/gui/FindUnlinkedFilesDialog.java;315;317;4;1;0;5
jabref;src/main/java/net/sf/jabref/gui/FindUnlinkedFilesDialog.java;469;478;11;1;2;9
jabref;src/main/java/net/sf/jabref/gui/FindUnlinkedFilesDialog.java;535;542;8;1;4;12
jabref;src/main/java/net/sf/jabref/gui/FindUnlinkedFilesDialog.java;609;615;7;1;3;9
jabref;src/main/java/net/sf/jabref/gui/FindUnlinkedFilesDialog.java;617;617;1;1;1;6
jabref;src/main/java/net/sf/jabref/gui/FindUnlinkedFilesDialog.java;625;625;1;1;1;7
jabref;src/main/java/net/sf/jabref/gui/FindUnlinkedFilesDialog.java;627;627;1;1;1;6
jabref;src/main/java/net/sf/jabref/gui/FindUnlinkedFilesDialog.java;689;691;4;1;1;3
jabref;src/main/java/net/sf/jabref/gui/FindUnlinkedFilesDialog.java;734;734;1;1;0;7
jabref;src/main/java/net/sf/jabref/gui/FindUnlinkedFilesDialog.java;939;966;25;1;3;16
jabref;src/main/java/net/sf/jabref/gui/GenFieldsCustomizer.java;62;62;1;1;0;4
jabref;src/main/java/net/sf/jabref/gui/GenFieldsCustomizer.java;64;64;1;1;0;4
jabref;src/main/java/net/sf/jabref/gui/GenFieldsCustomizer.java;74;74;1;1;0;4
jabref;src/main/java/net/sf/jabref/gui/GlobalFocusListener.java;13;17;6;1;0;3
jabref;src/main/java/net/sf/jabref/gui/groups/AutoGroupDialog.java;191;193;4;1;0;1
jabref;src/main/java/net/sf/jabref/gui/groups/GroupAddRemoveDialog.java;80;83;4;1;1;2
jabref;src/main/java/net/sf/jabref/gui/groups/GroupAddRemoveDialog.java;88;88;1;1;0;6
jabref;src/main/java/net/sf/jabref/gui/groups/GroupAddRemoveDialog.java;91;91;1;1;0;6
jabref;src/main/java/net/sf/jabref/gui/groups/GroupAddRemoveDialog.java;105;109;5;1;0;7
jabref;src/main/java/net/sf/jabref/gui/groups/GroupAddRemoveDialog.java;110;110;1;1;0;1
jabref;src/main/java/net/sf/jabref/gui/groups/GroupDialog.java;244;247;4;1;0;9
jabref;src/main/java/net/sf/jabref/gui/groups/GroupDialog.java;264;291;18;1;2;12
jabref;src/main/java/net/sf/jabref/gui/groups/GroupDialog.java;293;293;1;1;0;7
jabref;src/main/java/net/sf/jabref/gui/groups/GroupDialog.java;294;294;1;1;0;6
jabref;src/main/java/net/sf/jabref/gui/groups/GroupSelector.java;144;144;1;1;0;5
jabref;src/main/java/net/sf/jabref/gui/groups/GroupSelector.java;145;145;1;1;0;5
jabref;src/main/java/net/sf/jabref/gui/groups/GroupSelector.java;146;146;1;1;0;5
jabref;src/main/java/net/sf/jabref/gui/groups/GroupSelector.java;150;155;7;1;1;5
jabref;src/main/java/net/sf/jabref/gui/groups/GroupSelector.java;158;158;1;1;0;6
jabref;src/main/java/net/sf/jabref/gui/groups/GroupSelector.java;181;188;8;1;1;3
jabref;src/main/java/net/sf/jabref/gui/groups/GroupSelector.java;191;191;1;1;0;5
jabref;src/main/java/net/sf/jabref/gui/groups/GroupSelector.java;215;223;8;1;1;19
jabref;src/main/java/net/sf/jabref/gui/groups/GroupSelector.java;225;225;1;1;0;3
jabref;src/main/java/net/sf/jabref/gui/groups/GroupSelector.java;245;255;11;1;2;6
jabref;src/main/java/net/sf/jabref/gui/groups/GroupSelector.java;256;256;1;1;0;2
jabref;src/main/java/net/sf/jabref/gui/groups/GroupSelector.java;257;257;1;1;0;2
jabref;src/main/java/net/sf/jabref/gui/groups/GroupSelector.java;258;258;1;1;0;2
jabref;src/main/java/net/sf/jabref/gui/groups/GroupSelector.java;259;259;1;1;0;2
jabref;src/main/java/net/sf/jabref/gui/groups/GroupSelector.java;260;266;4;1;2;3
jabref;src/main/java/net/sf/jabref/gui/groups/GroupSelector.java;267;267;1;1;0;1
jabref;src/main/java/net/sf/jabref/gui/groups/GroupSelector.java;268;268;1;1;0;2
jabref;src/main/java/net/sf/jabref/gui/groups/GroupSelector.java;269;269;1;1;0;2
jabref;src/main/java/net/sf/jabref/gui/groups/GroupSelector.java;270;270;1;1;0;2
jabref;src/main/java/net/sf/jabref/gui/groups/GroupSelector.java;379;383;6;1;0;2
jabref;src/main/java/net/sf/jabref/gui/groups/GroupSelector.java;386;390;6;1;1;2
jabref;src/main/java/net/sf/jabref/gui/groups/GroupSelector.java;393;408;16;2;1;6
jabref;src/main/java/net/sf/jabref/gui/groups/GroupSelector.java;420;422;4;1;0;1
jabref;src/main/java/net/sf/jabref/gui/groups/GroupSelector.java;425;427;4;1;0;1
jabref;src/main/java/net/sf/jabref/gui/groups/GroupSelector.java;551;567;17;1;5;17
jabref;src/main/java/net/sf/jabref/gui/groups/GroupsTree.java;112;128;18;1;2;9
jabref;src/main/java/net/sf/jabref/gui/groups/GroupsTree.java;136;138;4;1;0;3
jabref;src/main/java/net/sf/jabref/gui/groups/GroupsTree.java;310;312;4;1;0;2
jabref;src/main/java/net/sf/jabref/gui/groups/GroupsTree.java;315;324;10;1;0;4
jabref;src/main/java/net/sf/jabref/gui/help/HelpAction.java;71;73;4;1;0;1
jabref;src/main/java/net/sf/jabref/gui/help/NewVersionDialog.java;37;39;4;1;0;1
jabref;src/main/java/net/sf/jabref/gui/help/NewVersionDialog.java;43;46;4;1;0;1
jabref;src/main/java/net/sf/jabref/gui/help/NewVersionDialog.java;49;52;4;1;0;1
jabref;src/main/java/net/sf/jabref/gui/help/NewVersionDialog.java;55;55;1;1;0;1
jabref;src/main/java/net/sf/jabref/gui/importer/fetcher/GeneralFetcher.java;80;95;16;1;0;6
jabref;src/main/java/net/sf/jabref/gui/importer/fetcher/GeneralFetcher.java;110;113;4;1;0;6
jabref;src/main/java/net/sf/jabref/gui/importer/fetcher/GeneralFetcher.java;170;230;51;1;0;14
jabref;src/main/java/net/sf/jabref/gui/importer/FetcherPreviewDialog.java;59;64;6;1;0;6
jabref;src/main/java/net/sf/jabref/gui/importer/FetcherPreviewDialog.java;66;69;4;1;0;6
jabref;src/main/java/net/sf/jabref/gui/importer/FetcherPreviewDialog.java;71;71;1;1;0;6
jabref;src/main/java/net/sf/jabref/gui/importer/FetcherPreviewDialog.java;74;74;1;1;0;6
jabref;src/main/java/net/sf/jabref/gui/importer/ImportCustomizationDialog.java;84;111;22;1;5;17
jabref;src/main/java/net/sf/jabref/gui/importer/ImportCustomizationDialog.java;117;140;19;1;4;20
jabref;src/main/java/net/sf/jabref/gui/importer/ImportCustomizationDialog.java;146;161;15;1;0;10
jabref;src/main/java/net/sf/jabref/gui/importer/ImportCustomizationDialog.java;164;177;12;1;1;9
jabref;src/main/java/net/sf/jabref/gui/importer/ImportInspectionDialog.java;288;292;5;1;0;2
jabref;src/main/java/net/sf/jabref/gui/importer/ImportInspectionDialog.java;293;298;5;1;0;2
jabref;src/main/java/net/sf/jabref/gui/importer/ImportInspectionDialog.java;299;302;4;1;0;2
jabref;src/main/java/net/sf/jabref/gui/importer/ImportInspectionDialog.java;305;312;8;1;0;2
jabref;src/main/java/net/sf/jabref/gui/importer/ImportInspectionDialog.java;323;325;4;1;0;1
jabref;src/main/java/net/sf/jabref/gui/importer/ImportInspectionDialog.java;328;331;5;1;0;2
jabref;src/main/java/net/sf/jabref/gui/importer/ImportInspectionDialog.java;621;682;35;1;5;32
jabref;src/main/java/net/sf/jabref/gui/importer/ImportInspectionDialog.java;875;880;7;1;0;1
jabref;src/main/java/net/sf/jabref/gui/importer/ImportInspectionDialog.java;906;927;21;2;5;20
jabref;src/main/java/net/sf/jabref/gui/importer/ImportInspectionDialog.java;1009;1015;6;2;0;2
jabref;src/main/java/net/sf/jabref/gui/importer/ImportInspectionDialog.java;1131;1151;21;1;2;16
jabref;src/main/java/net/sf/jabref/gui/importer/ImportInspectionDialog.java;1165;1186;21;1;2;11
jabref;src/main/java/net/sf/jabref/gui/importer/ImportInspectionDialog.java;1212;1246;29;1;7;30
jabref;src/main/java/net/sf/jabref/gui/importer/ImportInspectionDialog.java;1233;1244;11;1;4;16
jabref;src/main/java/net/sf/jabref/gui/importer/ImportInspectionDialog.java;1260;1280;22;1;4;11
jabref;src/main/java/net/sf/jabref/gui/importer/ImportMenuItem.java;56;61;7;1;0;2
jabref;src/main/java/net/sf/jabref/gui/importer/ZipFileChooser.java;76;76;1;1;0;1
jabref;src/main/java/net/sf/jabref/gui/importer/ZipFileChooser.java;79;103;23;1;0;2
jabref;src/main/java/net/sf/jabref/gui/JabRefFrame.java;600;607;8;1;2;6
jabref;src/main/java/net/sf/jabref/gui/JabRefFrame.java;632;652;17;1;1;13
jabref;src/main/java/net/sf/jabref/gui/JabRefFrame.java;1550;1550;1;1;0;6
jabref;src/main/java/net/sf/jabref/gui/journals/ManageJournalsPanel.java;176;184;6;1;2;15
jabref;src/main/java/net/sf/jabref/gui/journals/ManageJournalsPanel.java;186;193;7;1;5;11
jabref;src/main/java/net/sf/jabref/gui/journals/ManageJournalsPanel.java;195;204;9;1;6;11
jabref;src/main/java/net/sf/jabref/gui/journals/ManageJournalsPanel.java;206;211;6;1;4;12
jabref;src/main/java/net/sf/jabref/gui/journals/ManageJournalsPanel.java;224;227;4;1;0;4
jabref;src/main/java/net/sf/jabref/gui/journals/ManageJournalsPanel.java;487;502;15;1;0;3
jabref;src/main/java/net/sf/jabref/gui/journals/ManageJournalsPanel.java;507;526;20;2;0;5
jabref;src/main/java/net/sf/jabref/gui/journals/ManageJournalsPanel.java;551;553;1;1;0;3
jabref;src/main/java/net/sf/jabref/gui/journals/ManageJournalsPanel.java;567;584;12;1;3;7
jabref;src/main/java/net/sf/jabref/gui/journals/ManageJournalsPanel.java;585;588;4;1;0;6
jabref;src/main/java/net/sf/jabref/gui/keyboard/KeyBindingsDialog.java;70;72;4;1;0;1
jabref;src/main/java/net/sf/jabref/gui/keyboard/KeyBindingsDialog.java;98;112;5;1;0;1
jabref;src/main/java/net/sf/jabref/gui/keyboard/KeyBindingsDialog.java;113;113;1;1;0;1
jabref;src/main/java/net/sf/jabref/gui/keyboard/KeyBindingsDialog.java;114;140;19;1;0;1
jabref;src/main/java/net/sf/jabref/gui/keyboard/KeyBindingsListener.java;18;65;31;1;0;3
jabref;src/main/java/net/sf/jabref/gui/maintable/MainTable.java;419;443;23;1;0;8
jabref;src/main/java/net/sf/jabref/gui/maintable/MainTable.java;658;664;8;1;0;1
jabref;src/main/java/net/sf/jabref/gui/maintable/MainTable.java;667;669;4;1;0;1
jabref;src/main/java/net/sf/jabref/gui/maintable/MainTableSelectionListener.java;158;158;1;1;0;4
jabref;src/main/java/net/sf/jabref/gui/maintable/MainTableSelectionListener.java;484;532;40;2;0;7
jabref;src/main/java/net/sf/jabref/gui/maintable/MainTableSelectionListener.java;550;552;4;1;0;1
jabref;src/main/java/net/sf/jabref/gui/maintable/PersistenceTableColumnListener.java;77;81;5;1;0;4
jabref;src/main/java/net/sf/jabref/gui/maintable/PersistenceTableColumnListener.java;87;91;5;1;0;4
jabref;src/main/java/net/sf/jabref/gui/maintable/PersistenceTableColumnListener.java;97;107;8;1;0;4
jabref;src/main/java/net/sf/jabref/gui/maintable/PersistenceTableColumnListener.java;113;118;5;1;0;4
jabref;src/main/java/net/sf/jabref/gui/menus/FileHistoryMenu.java;81;97;14;2;1;14
jabref;src/main/java/net/sf/jabref/gui/menus/RightClickMenu.java;235;247;14;1;2;15
jabref;src/main/java/net/sf/jabref/gui/MergeDialog.java;59;62;4;1;0;5
jabref;src/main/java/net/sf/jabref/gui/MergeDialog.java;64;64;1;1;0;5
jabref;src/main/java/net/sf/jabref/gui/mergeentries/MergeEntries.java;244;244;1;1;2;11
jabref;src/main/java/net/sf/jabref/gui/mergeentries/MergeEntries.java;288;288;1;1;0;1
jabref;src/main/java/net/sf/jabref/gui/mergeentries/MergeEntries.java;315;318;4;1;0;1
jabref;src/main/java/net/sf/jabref/gui/mergeentries/MergeEntriesDialog.java;83;86;4;1;1;3
jabref;src/main/java/net/sf/jabref/gui/mergeentries/MergeEntriesDialog.java;90;104;13;1;1;4
jabref;src/main/java/net/sf/jabref/gui/mergeentries/MergeFetchedEntryDialog.java;75;75;1;1;0;2
jabref;src/main/java/net/sf/jabref/gui/mergeentries/MergeFetchedEntryDialog.java;79;79;1;1;0;2
jabref;src/main/java/net/sf/jabref/gui/openoffice/AdvancedCiteDialog.java;49;49;1;1;1;4
jabref;src/main/java/net/sf/jabref/gui/openoffice/AdvancedCiteDialog.java;72;75;4;1;0;4
jabref;src/main/java/net/sf/jabref/gui/openoffice/AutoDetectPaths.java;255;259;5;1;0;2
jabref;src/main/java/net/sf/jabref/gui/openoffice/CitationManager.java;93;102;9;1;1;7
jabref;src/main/java/net/sf/jabref/gui/openoffice/CitationManager.java;169;177;10;1;0;5
jabref;src/main/java/net/sf/jabref/gui/openoffice/CitationManager.java;211;219;9;1;1;9
jabref;src/main/java/net/sf/jabref/gui/openoffice/OpenOfficePanel.java;165;165;1;1;1;6
jabref;src/main/java/net/sf/jabref/gui/openoffice/OpenOfficePanel.java;172;172;1;1;2;4
jabref;src/main/java/net/sf/jabref/gui/openoffice/OpenOfficePanel.java;173;173;1;1;0;4
jabref;src/main/java/net/sf/jabref/gui/openoffice/OpenOfficePanel.java;176;189;9;1;3;10
jabref;src/main/java/net/sf/jabref/gui/openoffice/OpenOfficePanel.java;191;207;15;1;3;14
jabref;src/main/java/net/sf/jabref/gui/openoffice/OpenOfficePanel.java;210;210;1;1;3;9
jabref;src/main/java/net/sf/jabref/gui/openoffice/OpenOfficePanel.java;212;212;1;1;2;8
jabref;src/main/java/net/sf/jabref/gui/openoffice/OpenOfficePanel.java;215;215;1;1;2;8
jabref;src/main/java/net/sf/jabref/gui/openoffice/OpenOfficePanel.java;217;217;1;1;2;8
jabref;src/main/java/net/sf/jabref/gui/openoffice/OpenOfficePanel.java;271;282;9;1;3;10
jabref;src/main/java/net/sf/jabref/gui/openoffice/OpenOfficePanel.java;283;283;1;1;0;11
jabref;src/main/java/net/sf/jabref/gui/openoffice/OpenOfficePanel.java;284;291;8;1;2;12
jabref;src/main/java/net/sf/jabref/gui/openoffice/OpenOfficePanel.java;293;293;1;1;0;1
jabref;src/main/java/net/sf/jabref/gui/openoffice/OpenOfficePanel.java;540;542;1;1;0;1
jabref;src/main/java/net/sf/jabref/gui/openoffice/OpenOfficePanel.java;548;550;1;1;0;3
jabref;src/main/java/net/sf/jabref/gui/openoffice/OpenOfficePanel.java;556;558;1;1;0;1
jabref;src/main/java/net/sf/jabref/gui/openoffice/OpenOfficePanel.java;582;585;4;1;3;11
jabref;src/main/java/net/sf/jabref/gui/openoffice/OpenOfficePanel.java;590;594;5;1;3;10
jabref;src/main/java/net/sf/jabref/gui/openoffice/OpenOfficePanel.java;596;596;1;1;2;7
jabref;src/main/java/net/sf/jabref/gui/openoffice/OpenOfficePanel.java;783;783;1;1;1;9
jabref;src/main/java/net/sf/jabref/gui/openoffice/OpenOfficePanel.java;785;785;1;1;2;10
jabref;src/main/java/net/sf/jabref/gui/openoffice/OpenOfficePanel.java;787;787;1;1;2;10
jabref;src/main/java/net/sf/jabref/gui/openoffice/OpenOfficePanel.java;789;789;1;1;3;12
jabref;src/main/java/net/sf/jabref/gui/openoffice/StyleSelectDialog.java;118;129;11;1;2;6
jabref;src/main/java/net/sf/jabref/gui/openoffice/StyleSelectDialog.java;227;231;6;1;0;1
jabref;src/main/java/net/sf/jabref/gui/openoffice/StyleSelectDialog.java;234;238;6;1;0;1
jabref;src/main/java/net/sf/jabref/gui/openoffice/StyleSelectDialog.java;251;264;13;1;1;4
jabref;src/main/java/net/sf/jabref/gui/openoffice/StyleSelectDialog.java;267;267;1;1;0;1
jabref;src/main/java/net/sf/jabref/gui/openoffice/StyleSelectDialog.java;270;279;8;1;0;1
jabref;src/main/java/net/sf/jabref/gui/openoffice/StyleSelectDialog.java;284;290;7;1;0;1
jabref;src/main/java/net/sf/jabref/gui/openoffice/StyleSelectDialog.java;424;424;1;1;2;14
jabref;src/main/java/net/sf/jabref/gui/openoffice/StyleSelectDialog.java;479;482;4;1;3;5
jabref;src/main/java/net/sf/jabref/gui/openoffice/StyleSelectDialog.java;503;506;4;1;0;1
jabref;src/main/java/net/sf/jabref/gui/plaintextimport/TextInputDialog.java;234;239;6;1;0;1
jabref;src/main/java/net/sf/jabref/gui/plaintextimport/TextInputDialog.java;275;275;1;1;0;4
jabref;src/main/java/net/sf/jabref/gui/plaintextimport/TextInputDialog.java;354;357;4;1;1;5
jabref;src/main/java/net/sf/jabref/gui/plaintextimport/TextInputDialog.java;358;358;1;1;1;5
jabref;src/main/java/net/sf/jabref/gui/plaintextimport/TextInputDialog.java;595;614;17;1;0;7
jabref;src/main/java/net/sf/jabref/gui/plaintextimport/TextInputDialog.java;673;677;6;1;0;4
jabref;src/main/java/net/sf/jabref/gui/plaintextimport/TextInputDialog.java;711;713;4;1;0;3
jabref;src/main/java/net/sf/jabref/gui/plaintextimport/TextInputDialog.java;716;718;4;1;0;3
jabref;src/main/java/net/sf/jabref/gui/PreambleEditor.java;54;56;4;1;0;1
jabref;src/main/java/net/sf/jabref/gui/PreambleEditor.java;59;61;4;1;0;1
jabref;src/main/java/net/sf/jabref/gui/PreambleEditor.java;129;133;6;1;0;2
jabref;src/main/java/net/sf/jabref/gui/preftabs/AppearancePrefsTab.java;107;107;1;1;0;1
jabref;src/main/java/net/sf/jabref/gui/preftabs/AppearancePrefsTab.java;182;182;1;1;0;4
jabref;src/main/java/net/sf/jabref/gui/preftabs/AppearancePrefsTab.java;185;185;1;1;1;13
jabref;src/main/java/net/sf/jabref/gui/preftabs/BibtexKeyPatternPrefTab.java;130;132;1;1;0;6
jabref;src/main/java/net/sf/jabref/gui/preftabs/ColorSetupPanel.java;126;132;8;1;0;3
jabref;src/main/java/net/sf/jabref/gui/preftabs/ColorSetupPanel.java;159;162;4;1;0;6
jabref;src/main/java/net/sf/jabref/gui/preftabs/EntryEditorPrefsTab.java;91;91;1;1;0;6
jabref;src/main/java/net/sf/jabref/gui/preftabs/EntryEditorPrefsTab.java;95;95;1;1;0;4
jabref;src/main/java/net/sf/jabref/gui/preftabs/EntryEditorPrefsTab.java;101;101;1;1;0;6
jabref;src/main/java/net/sf/jabref/gui/preftabs/ExternalTab.java;70;70;1;1;0;1
jabref;src/main/java/net/sf/jabref/gui/preftabs/ExternalTab.java;71;71;1;1;0;1
jabref;src/main/java/net/sf/jabref/gui/preftabs/ExternalTab.java;72;72;1;1;0;1
jabref;src/main/java/net/sf/jabref/gui/preftabs/ExternalTab.java;149;149;1;1;0;7
jabref;src/main/java/net/sf/jabref/gui/preftabs/FileSortTab.java;53;56;5;1;0;7
jabref;src/main/java/net/sf/jabref/gui/preftabs/FileTab.java;77;77;1;1;0;1
jabref;src/main/java/net/sf/jabref/gui/preftabs/FileTab.java;103;106;4;1;0;6
jabref;src/main/java/net/sf/jabref/gui/preftabs/FileTab.java;143;145;1;1;0;2
jabref;src/main/java/net/sf/jabref/gui/preftabs/FontSelectorDialog.java;212;215;4;1;1;4
jabref;src/main/java/net/sf/jabref/gui/preftabs/FontSelectorDialog.java;222;222;1;1;0;4
jabref;src/main/java/net/sf/jabref/gui/preftabs/FontSelectorDialog.java;329;348;21;3;3;8
jabref;src/main/java/net/sf/jabref/gui/preftabs/GeneralTab.java;79;79;1;1;0;5
jabref;src/main/java/net/sf/jabref/gui/preftabs/GroupsPrefsTab.java;40;42;4;1;0;2
jabref;src/main/java/net/sf/jabref/gui/preftabs/ImportSettingsTab.java;67;67;1;1;0;6
jabref;src/main/java/net/sf/jabref/gui/preftabs/ImportSettingsTab.java;162;162;1;1;0;6
jabref;src/main/java/net/sf/jabref/gui/preftabs/NetworkTab.java;63;67;5;1;0;11
jabref;src/main/java/net/sf/jabref/gui/preftabs/NetworkTab.java;69;73;5;1;0;9
jabref;src/main/java/net/sf/jabref/gui/preftabs/PreferencesDialog.java;115;121;7;1;1;9
jabref;src/main/java/net/sf/jabref/gui/preftabs/PreferencesDialog.java;155;169;13;1;4;23
jabref;src/main/java/net/sf/jabref/gui/preftabs/PreferencesDialog.java;172;190;15;1;5;28
jabref;src/main/java/net/sf/jabref/gui/preftabs/PreferencesDialog.java;193;193;1;1;1;5
jabref;src/main/java/net/sf/jabref/gui/preftabs/PreferencesDialog.java;194;210;12;1;1;4
jabref;src/main/java/net/sf/jabref/gui/preftabs/PreferencesFilterDialog.java;44;44;1;1;0;1
jabref;src/main/java/net/sf/jabref/gui/preftabs/PreviewPrefsTab.java;123;128;6;1;1;11
jabref;src/main/java/net/sf/jabref/gui/preftabs/PreviewPrefsTab.java;130;135;6;1;1;11
jabref;src/main/java/net/sf/jabref/gui/preftabs/PreviewPrefsTab.java;137;149;10;1;2;23
jabref;src/main/java/net/sf/jabref/gui/preftabs/PreviewPrefsTab.java;151;165;10;1;3;20
jabref;src/main/java/net/sf/jabref/gui/preftabs/TableColumnsTab.java;272;275;4;1;0;9
jabref;src/main/java/net/sf/jabref/gui/preftabs/TableColumnsTab.java;288;288;1;1;0;1
jabref;src/main/java/net/sf/jabref/gui/preftabs/TableColumnsTab.java;312;322;11;1;0;1
jabref;src/main/java/net/sf/jabref/gui/preftabs/TablePrefsTab.java;101;106;6;1;0;6
jabref;src/main/java/net/sf/jabref/gui/preftabs/TablePrefsTab.java;107;112;6;1;0;6
jabref;src/main/java/net/sf/jabref/gui/preftabs/TablePrefsTab.java;113;118;6;1;0;6
jabref;src/main/java/net/sf/jabref/gui/preftabs/TablePrefsTab.java;201;205;5;1;1;7
jabref;src/main/java/net/sf/jabref/gui/PreviewPanel.java;189;199;10;1;2;12
jabref;src/main/java/net/sf/jabref/gui/protectedterms/NewProtectedTermsFileDialog.java;59;62;4;1;1;3
jabref;src/main/java/net/sf/jabref/gui/protectedterms/NewProtectedTermsFileDialog.java;87;92;5;1;0;1
jabref;src/main/java/net/sf/jabref/gui/protectedterms/ProtectedTermsDialog.java;104;109;6;1;0;1
jabref;src/main/java/net/sf/jabref/gui/protectedterms/ProtectedTermsDialog.java;115;119;5;1;0;1
jabref;src/main/java/net/sf/jabref/gui/protectedterms/ProtectedTermsDialog.java;198;202;6;1;0;1
jabref;src/main/java/net/sf/jabref/gui/protectedterms/ProtectedTermsDialog.java;205;209;6;1;0;1
jabref;src/main/java/net/sf/jabref/gui/protectedterms/ProtectedTermsDialog.java;212;217;7;1;1;1
jabref;src/main/java/net/sf/jabref/gui/protectedterms/ProtectedTermsDialog.java;232;252;18;1;0;1
jabref;src/main/java/net/sf/jabref/gui/protectedterms/ProtectedTermsDialog.java;255;255;1;1;0;1
jabref;src/main/java/net/sf/jabref/gui/protectedterms/ProtectedTermsDialog.java;258;269;8;1;0;1
jabref;src/main/java/net/sf/jabref/gui/protectedterms/ProtectedTermsDialog.java;274;276;3;1;0;1
jabref;src/main/java/net/sf/jabref/gui/protectedterms/ProtectedTermsDialog.java;278;280;3;1;0;1
jabref;src/main/java/net/sf/jabref/gui/protectedterms/ProtectedTermsDialog.java;397;397;1;1;0;1
jabref;src/main/java/net/sf/jabref/gui/protectedterms/ProtectedTermsDialog.java;410;426;17;1;0;1
jabref;src/main/java/net/sf/jabref/gui/protectedterms/ProtectedTermsDialog.java;441;444;4;1;1;3
jabref;src/main/java/net/sf/jabref/gui/protectedterms/ProtectedTermsDialog.java;465;468;4;1;0;1
jabref;src/main/java/net/sf/jabref/gui/push/AbstractPushToApplication.java;154;156;1;1;0;2
jabref;src/main/java/net/sf/jabref/gui/push/PushToApplicationButton.java;75;80;6;1;0;2
jabref;src/main/java/net/sf/jabref/gui/push/PushToApplicationButton.java;115;120;6;1;0;7
jabref;src/main/java/net/sf/jabref/gui/push/PushToApplicationButton.java;174;182;9;1;0;2
jabref;src/main/java/net/sf/jabref/gui/push/PushToApplicationButton.java;211;214;4;1;0;6
jabref;src/main/java/net/sf/jabref/gui/push/PushToApplicationButton.java;215;215;1;1;0;6
jabref;src/main/java/net/sf/jabref/gui/push/PushToApplicationButton.java;251;259;5;1;0;2
jabref;src/main/java/net/sf/jabref/gui/push/PushToApplicationButton.java;285;289;6;1;0;2
jabref;src/main/java/net/sf/jabref/gui/push/PushToApplicationButton.java;292;296;6;1;0;2
jabref;src/main/java/net/sf/jabref/gui/push/PushToApplicationButton.java;299;303;6;1;0;2
jabref;src/main/java/net/sf/jabref/gui/ReplaceStringDialog.java;55;64;10;1;2;8
jabref;src/main/java/net/sf/jabref/gui/search/JTextFieldChangeListenerUtil.java;46;48;4;1;0;1
jabref;src/main/java/net/sf/jabref/gui/search/JTextFieldChangeListenerUtil.java;51;53;4;1;0;1
jabref;src/main/java/net/sf/jabref/gui/search/JTextFieldChangeListenerUtil.java;56;64;10;1;0;1
jabref;src/main/java/net/sf/jabref/gui/search/JTextFieldChangeListenerUtil.java;66;76;11;1;0;2
jabref;src/main/java/net/sf/jabref/gui/search/SearchBar.java;91;94;4;1;0;6
jabref;src/main/java/net/sf/jabref/gui/search/SearchBar.java;99;102;4;1;0;6
jabref;src/main/java/net/sf/jabref/gui/search/SearchBar.java;106;116;7;1;1;10
jabref;src/main/java/net/sf/jabref/gui/search/SearchBar.java;132;132;1;1;0;2
jabref;src/main/java/net/sf/jabref/gui/search/SearchBar.java;138;138;1;1;0;9
jabref;src/main/java/net/sf/jabref/gui/search/SearchBar.java;152;156;5;1;0;1
jabref;src/main/java/net/sf/jabref/gui/search/SearchBar.java;209;213;6;1;0;3
jabref;src/main/java/net/sf/jabref/gui/search/SearchBar.java;224;224;1;1;0;2
jabref;src/main/java/net/sf/jabref/gui/search/SearchBar.java;227;227;1;1;0;5
jabref;src/main/java/net/sf/jabref/gui/search/SearchResultsDialog.java;178;180;4;1;0;1
jabref;src/main/java/net/sf/jabref/gui/search/SearchResultsDialog.java;183;186;5;1;0;2
jabref;src/main/java/net/sf/jabref/gui/search/SearchResultsDialog.java;295;299;6;2;0;2
jabref;src/main/java/net/sf/jabref/gui/search/SearchResultsDialog.java;302;322;14;3;0;2
jabref;src/main/java/net/sf/jabref/gui/search/SearchResultsDialog.java;325;361;37;3;2;17
jabref;src/main/java/net/sf/jabref/gui/shared/MergeSharedEntryDialog.java;69;69;1;1;0;1
jabref;src/main/java/net/sf/jabref/gui/shared/MergeSharedEntryDialog.java;82;84;4;1;0;1
jabref;src/main/java/net/sf/jabref/gui/shared/OpenSharedDatabaseDialog.java;147;147;1;1;0;2
jabref;src/main/java/net/sf/jabref/gui/SidePaneComponent.java;36;36;1;1;0;2
jabref;src/main/java/net/sf/jabref/gui/SidePaneComponent.java;41;41;1;1;0;2
jabref;src/main/java/net/sf/jabref/gui/SidePaneComponent.java;46;46;1;1;0;4
jabref;src/main/java/net/sf/jabref/gui/SidePaneManager.java;47;48;1;1;0;8
jabref;src/main/java/net/sf/jabref/gui/StringDialog.java;83;85;4;1;0;2
jabref;src/main/java/net/sf/jabref/gui/util/component/JTextFieldWithUnfocusedText.java;53;55;4;1;0;4
jabref;src/main/java/net/sf/jabref/gui/util/component/JTextFieldWithUnfocusedText.java;58;60;4;1;0;4
jabref;src/main/java/net/sf/jabref/gui/util/PositionWindow.java;33;36;4;1;0;1
jabref;src/main/java/net/sf/jabref/gui/util/PositionWindow.java;39;42;4;1;0;1
jabref;src/main/java/net/sf/jabref/gui/WaitForSaveOperation.java;42;46;5;1;1;5
jabref;src/main/java/net/sf/jabref/gui/WaitForSaveOperation.java;69;81;14;1;0;4
jabref;src/main/java/net/sf/jabref/gui/worker/MarkEntriesAction.java;50;58;10;1;0;2
jabref;src/main/java/net/sf/jabref/migrations/FileLinksUpgradeWarning.java;126;128;1;1;0;3
jabref;src/main/java/net/sf/jabref/pdfimport/ImportDialog.java;121;121;1;1;0;18
jabref;src/main/java/net/sf/jabref/pdfimport/ImportDialog.java;122;122;1;1;0;18
jabref;src/main/java/net/sf/jabref/pdfimport/ImportDialog.java;128;130;4;1;0;13
jabref;src/main/java/net/sf/jabref/pdfimport/ImportDialog.java;133;133;1;1;0;18
jabref;src/main/java/net/sf/jabref/specialfields/SpecialFieldDropDown.java;60;73;15;1;0;3
jabref;src/main/java/net/sf/jabref/specialfields/SpecialFieldDropDown.java;88;91;5;1;0;2